{"0": {"PC1": 0.7590799901812356, "PC2": 0.20843542351187652, "PC3": 0.031889535488469574, "PC4": 0.0005950508184182307}}