{
    "amary_0": {
        "face_width": 463,
        "face_height": 462,
        "eye_count": 1,
        "eye_height": 0.25757575757575757,
        "eye_width": 0.32181425485961124,
        "eye_to_eye": 0,
        "eye_to_side": 0.11663066954643629,
        "eye_to_jaw": 0.6017316017316018,
        "eye_to_forehead": 0.34415584415584416
    },
    "elfee_0": {
        "face_width": 75,
        "face_height": 74,
        "eye_count": 0,
        "eye_height": 0,
        "eye_width": 0,
        "eye_to_eye": 0,
        "eye_to_side": 0,
        "eye_to_jaw": 0,
        "eye_to_forehead": 0
    },
    "epona_0": {
        "face_width": 129,
        "face_height": 129,
        "eye_count": 2,
        "eye_height": 0.26356589147286824,
        "eye_width": 0.3178294573643411,
        "eye_to_eye": -0.7984496124031008,
        "eye_to_side": 0.10852713178294573,
        "eye_to_jaw": 0.5271317829457365,
        "eye_to_forehead": 0.2713178294573643
    },
    "feiling_0": {
        "face_width": 75,
        "face_height": 75,
        "eye_count": 1,
        "eye_height": 0.25333333333333335,
        "eye_width": 0.32,
        "eye_to_eye": 0,
        "eye_to_side": 0.6,
        "eye_to_jaw": 0.6133333333333333,
        "eye_to_forehead": 0.36
    },
    "iftheflat_0": {
        "face_width": 107,
        "face_height": 107,
        "eye_count": 2,
        "eye_height": 0.2616822429906542,
        "eye_width": 0.3177570093457944,
        "eye_to_eye": 0.19626168224299065,
        "eye_to_side": 0.6542056074766355,
        "eye_to_jaw": 0.5327102803738317,
        "eye_to_forehead": 0.27102803738317754
    },
    "inabakaya_0": {
        "face_width": 108,
        "face_height": 107,
        "eye_count": 2,
        "eye_height": 0.2616822429906542,
        "eye_width": 0.32407407407407407,
        "eye_to_eye": -0.8796296296296297,
        "eye_to_side": 0.12962962962962962,
        "eye_to_jaw": 0.5607476635514018,
        "eye_to_forehead": 0.29906542056074764
    },
    "marimo_0": {
        "face_width": 155,
        "face_height": 155,
        "eye_count": 2,
        "eye_height": 0.3096774193548387,
        "eye_width": 0.38064516129032255,
        "eye_to_eye": -0.8451612903225807,
        "eye_to_side": 0.05806451612903226,
        "eye_to_jaw": 0.6387096774193548,
        "eye_to_forehead": 0.32903225806451614
    },
    "mellcul_0": {
        "face_width": 321,
        "face_height": 321,
        "eye_count": 2,
        "eye_height": 0.2585669781931464,
        "eye_width": 0.32398753894080995,
        "eye_to_eye": -0.9376947040498442,
        "eye_to_side": 0.04984423676012461,
        "eye_to_jaw": 0.5046728971962616,
        "eye_to_forehead": 0.24610591900311526
    },
    "misakiraine_0": {
        "face_width": 155,
        "face_height": 155,
        "eye_count": 2,
        "eye_height": 0.25806451612903225,
        "eye_width": 0.3225806451612903,
        "eye_to_eye": 0.27741935483870966,
        "eye_to_side": 0.6838709677419355,
        "eye_to_jaw": 0.6258064516129033,
        "eye_to_forehead": 0.36774193548387096
    },
    "nekoyamanae_0": {
        "face_width": 129,
        "face_height": 129,
        "eye_count": 1,
        "eye_height": 0.31007751937984496,
        "eye_width": 0.3875968992248062,
        "eye_to_eye": 0,
        "eye_to_side": 0.09302325581395349,
        "eye_to_jaw": 0.7131782945736435,
        "eye_to_forehead": 0.40310077519379844
    },
    "nekoyamasora_0": {
        "face_width": 555,
        "face_height": 555,
        "eye_count": 1,
        "eye_height": 0.25585585585585585,
        "eye_width": 0.3207207207207207,
        "eye_to_eye": 0,
        "eye_to_side": 0.05405405405405406,
        "eye_to_jaw": 0.5045045045045045,
        "eye_to_forehead": 0.24864864864864866
    },
    "perle_0": {
        "face_width": 89,
        "face_height": 90,
        "eye_count": 2,
        "eye_height": 0.36666666666666664,
        "eye_width": 0.5056179775280899,
        "eye_to_eye": -1.1123595505617978,
        "eye_to_side": -0.07865168539325842,
        "eye_to_jaw": 0.4777777777777778,
        "eye_to_forehead": 0.1111111111111111
    },
    "popuri_0": {
        "face_width": 385,
        "face_height": 385,
        "eye_count": 2,
        "eye_height": 0.2571428571428571,
        "eye_width": 0.3220779220779221,
        "eye_to_eye": -0.8363636363636363,
        "eye_to_side": 0.11688311688311688,
        "eye_to_jaw": 0.5532467532467532,
        "eye_to_forehead": 0.3116883116883117
    },
    "tachibanayui_0": {
        "face_width": 107,
        "face_height": 107,
        "eye_count": 2,
        "eye_height": 0.21495327102803738,
        "eye_width": 0.27102803738317754,
        "eye_to_eye": -0.822429906542056,
        "eye_to_side": 0.08411214953271028,
        "eye_to_jaw": 0.4953271028037383,
        "eye_to_forehead": 0.2803738317757009
    },
    "tycho_0": {
        "face_width": 155,
        "face_height": 155,
        "eye_count": 1,
        "eye_height": 0.25806451612903225,
        "eye_width": 0.3161290322580645,
        "eye_to_eye": 0,
        "eye_to_side": 0.17419354838709677,
        "eye_to_jaw": 0.6903225806451613,
        "eye_to_forehead": 0.432258064516129
    },
    "vespia_0": {
        "face_width": 89,
        "face_height": 90,
        "eye_count": 2,
        "eye_height": 0.25555555555555554,
        "eye_width": 0.3258426966292135,
        "eye_to_eye": 0.2247191011235955,
        "eye_to_side": 0.5842696629213483,
        "eye_to_jaw": 0.5222222222222223,
        "eye_to_forehead": 0.26666666666666666
    },
    "wolflotte_0": {
        "face_width": 107,
        "face_height": 107,
        "eye_count": 2,
        "eye_height": 0.2616822429906542,
        "eye_width": 0.32710280373831774,
        "eye_to_eye": 0.18691588785046728,
        "eye_to_side": 0.5514018691588785,
        "eye_to_jaw": 0.6261682242990654,
        "eye_to_forehead": 0.3644859813084112
    },
    "yoiyami_nekoru_0": {
        "face_width": 321,
        "face_height": 321,
        "eye_count": 2,
        "eye_height": 0.14641744548286603,
        "eye_width": 0.18691588785046728,
        "eye_to_eye": -0.6978193146417445,
        "eye_to_side": 0.1557632398753894,
        "eye_to_jaw": 0.4392523364485981,
        "eye_to_forehead": 0.1806853582554517
    }
}