{"0": {"PC1": 0.7424687084899546, "PC2": 0.18458099096303765, "PC3": 0.07035104001844449, "PC4": 0.0025992605285632565}}