{"0": {"PC1": 0.6431779708300613, "PC2": 0.2482467205533554, "PC3": 0.10463494994754097, "PC4": 0.003940358669042222}}